hashed_id,prediction
a50fad3e-b61b-4df9-baa9-f7fac3a0ab50,False
6b19a370-2f49-4c4b-bbd4-e3300b4a5833,False
036fb25e-db56-4759-9b04-53eda2703f35,False
cca7a436-2430-477b-929f-9b5f0b32c7c9,False
4e11cab1-ee41-4f7c-98a4-f3719c98951e,False
78cdd956-8a47-423c-9313-0ea8ee1feefa,False
0e889b00-352c-455a-b81d-a575dcb13ebb,False
2f6e433d-2edf-4ef2-8263-715fad1f88fd,False
7a9019b8-ae57-49fb-84bf-ec4838778f70,False
a85df61b-0abd-45d4-bec3-ad0704f85fef,False
2c30b4a3-3196-4d65-89de-411693fff7ed,False
c143b193-7865-420d-9183-52cad50283dc,False
ab402955-6c17-4673-a470-661e634129cc,False
67b7219a-7447-4857-b8f4-38fb28a32813,False
0e84c003-5c59-49dd-ae35-034d86f7aa2c,False
e3f29930-74f0-42c1-b57a-df55811c3626,False
8400085b-b433-49f8-8930-1e563ba5fcfe,False
511ff188-348a-4c37-a073-7109f70f3c3c,False
9761e849-658d-4d47-9c10-9e8d0697eabc,False
4f8b9dcf-940d-4926-be1c-96249d1c4c09,False
f1d53c69-d1f0-4b63-b6e5-a70028252155,False
54a9121c-f27b-4b99-b91b-1de4a2cbd7aa,False
863ff553-eb5e-498f-a653-866d0d3ea728,False
1cdd7123-d306-4b75-b6bc-cbfb5c285bc4,False
e5caced0-5344-40eb-84db-99c2cc78aab3,False
097c51f4-5eb8-4403-a29a-6ccb9107340d,False
97cc7327-d874-49ce-808f-b4132df52da7,False
7b8ad60d-4b38-4161-ba14-83e340254ef5,False
bca92c9f-b82b-40a3-b2dc-3468e0739bf9,False
284948f8-4e4f-4d36-bf19-f645e66b5c55,False
1572fc14-a10b-4a9d-bb3d-6d5983ad6808,False
29b6514e-daad-4d61-a4e4-0aec6c41832e,False
9e538f45-6c6c-4c3e-b820-480e432f91d8,False
8f2a1c38-01bd-43c9-b19b-506fc1ca9c3c,False
6613913e-c2c4-471e-81db-544af95c508f,False
34afec24-2d26-4d6d-913c-60ce071f27a0,False
9b76ae88-291e-457d-927e-59cd49785830,False
65d42c72-590c-4997-93ed-7d79cce8b9bb,False
a46f9fa1-6dff-4a93-ab0f-3c3ea4a0b2b2,False
01dd6d7c-bc33-4d2f-a96c-fdcc54a64409,False
59a3afd7-ac1a-48dc-b203-de4673bca03b,False
bf4859e2-4c7f-48a6-ab2a-9a94b6e4ba76,False
d71fab8f-be74-438b-94ef-ca1d88560a81,False
b33e13e1-e775-4779-9ecc-c38f6c4d280c,False
413eaf8e-c14f-4fdc-aaa1-f716e88a5263,False
5646de1d-ed00-4c84-8a86-814725b114d9,False
74fb7bba-13ec-49e0-8a1d-d2835b2874a6,False
9692cb40-7350-4682-b47f-667bf409fa26,False
1f9d20bc-491b-4b82-bf62-511627c62505,False
9acbdd01-3a00-446e-992c-57894d6ec872,False
f0bea595-eb30-4354-bc43-b65ad8cd0c73,False
6a1dc5ef-a291-41ae-9a83-569524562775,False
2b39c721-eac1-4cdc-8375-de3595b8c99e,False
733ca037-0df8-42e0-8450-e64f25e9b180,False
bd2af0d7-da76-4300-b0b3-b54543c28190,False
6d28c981-ff85-4ed4-8f6e-0c9c30382a5f,False
12621113-e0b4-44fd-8487-4d48773a93ba,False
74e539db-8c7d-4901-ac1c-7774a476f509,False
18f2b3ce-88fb-44a7-adaf-09c9520e55b3,False
509df087-dbe8-407b-af1a-ffeb105bdeda,False
0bd44543-f7c8-4317-9cf1-1f5973bfa005,False
3c11832e-d139-4a32-91e9-f2502997902b,False
7ce667b7-bece-4541-a82f-bc0a95b2eaee,False
5b22b86f-c5c8-4770-89da-bbf934bc3681,False
3ee10785-7a8f-466c-a7bd-3bafe7c68dce,False
0a038aac-7384-42b9-82e7-fea3e56a4efb,False
20895bd4-c00d-4ad6-aeaf-83ca7214f999,False
dbb278b4-7ba0-43fb-8c19-f5525ce4d6b4,False
f89e3f35-6a18-41dc-a962-655138ccf94a,False
7f1389b2-b46f-498b-a026-fad4de215ca1,False
64304318-2a37-44d6-8338-b5cad6e4d811,False
0763f4ac-ed91-4be9-9eb5-b07a8bd5d166,False
30f81d1c-6ea0-4e24-a1a3-6d862f67ab6f,False
01b41230-43ab-4f68-81c8-08d55eff9ae5,False
3954c324-5f7a-4ace-bbb9-4a4052fb0898,False
915319fc-2b03-4006-8874-b1eda7699f43,False
1588e86e-6234-4c97-b41f-7e1a76719492,False
1dc0037c-2733-4279-9b5d-1c62de6a825e,False
cbc502d2-5538-429d-93c3-8df57cd345b7,False
b377e53c-50c0-4a36-b0c3-e57878873bd6,False
50e41b09-0af6-44ce-828d-77b7ae6e7acd,False
51579257-f4c9-477b-97aa-bf928404f783,False
6eb326f5-74bc-4671-af34-a5ada64d7467,False
6822a246-14ba-4170-83b0-030d9c37f854,False
8759ba6a-0ec7-4bec-8c33-42d3d1ab9c50,False
1025f8b2-39cc-414c-ac20-e973d6dd1b6d,False
c445b6aa-584c-46ec-bddc-93656db48b46,False
607f2f9a-bdb8-4e92-8ffb-c6b436485dcb,False
7be20e0f-b2a5-4602-badf-b6f95ba1ab97,False
20d46f65-7310-497a-910f-ea7405e9eed3,False
0d6009dc-7cb4-4768-b850-ec7c735dae37,False
1b1c35b3-99bf-4fd9-80f5-30b678625cd0,False
50596647-f349-423b-9779-dd8eab9ff119,False
df54b036-b432-4428-ad59-8a49f11c19b3,False
8ed1b429-74ea-4c19-bf68-c4bf72e2b080,False
76e9ad57-845d-4ddc-85a4-0329bef0d196,False
d8a18ef1-f3b5-46a8-99e4-25389af3d3a2,False
29813df4-c6af-4985-903e-a934c6094cbb,False
d852ae6d-f986-4561-9697-b7d56f33b0da,False
3a9b9380-cbd8-44e1-b231-d2dadf6252ed,False
501f65e1-e279-4417-a117-496ae3d78906,False
f74091c5-e96f-4892-95b7-d71058a3190b,False
edcc472b-9327-4568-b10b-bf56dc8bb368,False
b3cf13b1-0cd2-45af-a2aa-a2e288463636,False
9c3c40b5-777a-4363-86e0-8d8b89ca1419,False
c77f4b1c-3635-4dfc-8096-54fcc39a47ff,False
f174423a-78b7-4d2d-aebe-1cade8fa1230,False
648c38b8-156c-4693-aa90-b42694318a6d,False
50cf56b9-6d02-4d34-90cf-08835de97e4f,False
65516f9b-7875-4dcd-9397-5d0a3070277a,False
3aa79da0-8f81-43da-8ffd-0ccb048266fc,False
7a9ee36b-d6c9-40bf-b8d4-d87d254aeea2,False
a575ed62-2d5d-4175-9f37-562451b3cbd4,False
66f13d13-43ef-4357-bd91-2f0ca0189652,False
20198c99-d217-4094-855d-265228418d51,False
fa427523-a8c3-46bc-84f2-b0d0aa0f8905,False
bc2fc5a3-8e1d-4d85-ab4b-5a62d99d3092,False
68f81f3e-8e3b-4198-8c41-3805a1297135,False
6503fa4c-c009-4270-8611-6d560c9e21c2,False
6f30af48-24c9-4909-bb7e-fca6dfd96bba,False
7a889c23-25ff-4506-b151-a68bb4026447,False
37819f0f-a969-4e08-ab16-a8b738b1a3c1,False
f34c8482-3b00-4285-a147-4854cc236738,False
c51db008-e132-4306-81a3-8533e0ec0dfd,False
ab1a1d5c-5afe-4b8a-a171-24d8688a51d7,False
771564c1-9677-4d46-b8dd-c3deaaf77263,False
03ed1e85-0ad9-4620-807a-b8f911471ed5,False
67c1e489-0bc1-4b5f-94b3-f2e6dab76c95,False
b8f9d0c7-6606-4141-876d-9982a5dd5dec,False
ed4ea1f6-2acd-4c42-9c71-3ddca2105e4a,False
a4a64fc5-cab8-4bcf-bf52-3fa7fd7a5127,False
d3245a81-13e2-4056-a833-179c5f1788dd,False
cd30bfde-51ca-40ad-a93f-a30e9705a9dc,False
391fcc48-d0dd-4d3e-a0a1-5708b75f5ef6,False
6688d7f2-01c6-4e2e-be6d-0e033c7b459c,False
87326e67-8800-4bf2-b3aa-b6c573ced03f,False
6b927b7a-d8ae-4ccc-9509-eeb61af5bfbd,False
9a2c9cf3-982e-4cf5-b2f2-ad54ca8b46f8,False
88158ad4-4a6e-4748-9f86-74a60f8e01eb,False
62f1a5b5-8a74-4b90-b33b-086d667a7af2,False
7213d611-418c-4040-af00-85df7c11bc2e,False
cd671cc0-9206-4457-b633-2268fc55ff58,False
df85bb57-dd8e-4843-b0ca-4f40389a0b1d,False
406168e4-837a-43de-b31f-01131b086396,False
6757c268-43ae-4f0c-a561-4cac45b4b835,False
ef7b4425-0459-409f-8aad-55b5453a0b40,False
5f9e12df-f556-429b-9d39-5c8517b422e9,False
c533e655-8ce4-4fb3-bdcb-fffbe0d7610b,False
ab288ac3-a5cc-4794-b7dc-db58a5b4f118,False
745fc7ef-c8fe-4cfe-86c9-56431aeb5763,False
80c00f88-0a7c-47ee-a2d2-3c37abf6eccd,False
6108a403-9e11-4fbe-8e21-00d3d40ed93a,False
a5489bca-98a1-4643-b51e-5afff7c4469d,False
f243ab3f-130a-48c6-801c-476def13636d,False
b1d7d17a-d669-4699-bb84-39c5a016d71c,False
0eec8c7a-6740-4605-be4a-31d0413d19b9,False
9659fa6a-ce6b-493f-bc21-4a1af82260fd,False
23bbef35-081a-4ceb-a5c2-a2842f5e47b5,False
0c6965e5-bed3-4a97-a597-244c6fda274d,False
a2abdb3e-4c44-45eb-a9c6-118504f515ca,False
d6d3d16c-57a3-4891-b432-a20640826786,False
61eff10b-339e-4859-a248-ce0aface9826,False
69135618-9a2d-443d-b212-9896f7f5d49e,False
aa50b9fb-7349-45e0-b1fa-e99eea8e06d3,False
c6591840-086c-4da1-97f4-65b02391cb0a,False
33a41c20-b886-45ec-a70c-827aa2cb8e7e,False
e96c3fd6-c4b3-436a-befa-bab999d928de,False
b31cf592-14f8-432d-a31a-b19e286ed698,False
b9b665ba-5707-4108-9f00-354615d5a0cf,False
f91ce7c1-e08e-4cae-9f8d-284c991ee5a5,False
ab51e163-8891-4eee-99d3-4ffb5fb6b5da,False
e7b59c93-ad57-471a-995d-74947fdfd7b8,False
c33f16c7-de8f-47cc-be13-52f0c0412a5a,False
4ec4d8eb-8a9e-4bf0-bc00-ac0d238f227d,False
18d0111b-ff9e-4e7f-a8d5-18038df969dc,False
735311b4-463e-4421-b857-050d222265f3,False
bdab7e0b-8615-4921-97b7-fe8acedb5340,False
2a548b17-f6ca-471d-8893-03c58c197734,False
99ad730c-3c79-447d-a774-ccf1ccd982d4,False
d48decd9-b42e-49af-a2bc-3b0dcecc288b,False
d8835d17-4fb1-4a1c-bd55-546d6c5760cd,False
3e89c9ba-7bfe-429e-b7d9-39eaacdbaa6e,False
83b449fd-67df-4405-a365-49ff09dba305,False
cb20a0e1-e59c-4ef8-80bb-bf8271fb457d,False
e99d89f2-ee58-484c-a62d-1805fc6d1913,False
c5445d54-da3e-4c79-b14a-bfd9a4b5da64,False
fdfdb3b2-ef82-4708-9833-0074604a9d1f,False
138f55b8-5860-48a6-bcf0-3c2934860a54,False
1015f831-bf40-408b-bc40-a78293cd544c,False
d24c2817-be70-4136-a828-a7de601e3d07,False
0d1502b5-2902-47c7-a907-b595e80d1327,False
9915d59a-a74f-482d-b125-0edc68c86c0a,False
36247c81-2b2f-4182-b8a0-0cea8aa3f551,False
4f0d5f5e-b888-4b1a-83a1-73bb71598a6f,False
76c7cef8-cd2b-481e-9e25-cea090362ec7,False
71d5352c-3405-4bac-bbf7-3feaa64b6fd0,False
5f3c6df8-c173-4a98-bcd3-ed9431b0ad8b,False
826e5a90-15c5-4324-8cd5-8bfa282488f7,False
1f8200fe-258e-41f2-acf4-c81195191060,False
e49756ca-58f8-4256-bdee-19edaa79d37a,False
39d5e6e1-ab8a-4541-9189-49b4bf23eef3,False
5a25aec2-7aea-4537-b1d5-399b09f24039,False
9150596a-8d88-4e76-90ee-a1a31128e96d,False
dee3f738-8dc9-4f7d-bb9a-f63217158a2f,False
6866633b-15a8-4264-bd3b-5b12bc69c737,False
387ac5e5-192c-4657-9dcb-03a6c91fa93a,False
e622d86a-024b-4636-9345-3922ad729096,False
3682eaf1-13b6-4909-b6e0-b8cab506343d,False
a3a3482a-bca1-4816-bae3-014151f23e23,False
bbccb48f-3b9d-4072-95c5-9565f078342e,False
5017bc26-2c50-422b-ac17-b933581ca285,False
a927f7ab-693d-4565-806f-7ac6e9222c93,False
2c6f1ab2-38b3-4212-a6aa-5d36cdf7ce22,False
8491c8ff-7a47-4ead-ab14-e749aea47306,False
fd99609d-b150-46e7-99c2-72da2d799794,False
c1988ab9-b012-4c61-bc52-7ea6fcde0191,False
26aef4ce-07be-4246-8ff6-a2141c6f5e49,False
07de8b4e-545e-4b37-8066-d1cd2b8c9136,False
84f3d591-2bd3-4792-9948-711f60f1ab30,False
d19437cd-c857-4a5d-af55-b72cdeef933f,False
54d15670-2121-4f81-a2b5-6d2aa9f84aaa,False
b8b950b1-2ea0-4c08-8fa0-cd33b11ca0c4,False
99247188-b3d0-4fb7-9021-c09371c94d6c,False
b1dc2a24-7b56-4e62-a7ef-f2f878d0f54f,False
639652fc-2810-4f23-90ca-a2b272b4ccfd,False
ce0ab7a0-8168-41fc-b35d-2864b9d72e71,False
4970b727-11de-4323-892a-26c81082734e,False
547c6170-e00c-4105-8256-25000486bbd3,False
0e737c28-3de1-4a27-a1d0-cfaa92a147bf,False
c9503e11-596c-43a8-b323-b88aa0aba24b,False
714f8aad-ad29-44e0-84be-5a0dc29a8637,False
c9167187-c004-4bad-9f60-c332e126b4f8,False
691fa7a2-b8aa-479c-b69e-75ace8bf80f8,False
a4a12cda-639d-432f-90d2-435ba5547706,False
a7c88e97-79a1-433f-936b-5e29638d305d,False
8ac6d528-9c7c-44e3-8938-60ad2b97bee9,False
bf480902-a29d-448b-817a-4d4644a6cf0f,False
7c12eb96-1a76-4c64-ab10-f6b39f52bb28,False
c11a6e16-920a-4a1f-8f04-5ba0432131a5,False
fc95ddb5-7676-48d0-b9fa-a85470c2a49b,False
78830ed4-00e6-47e8-b7e2-ab12cfe7ec2e,False
3f808b38-456b-4257-812a-e2f3bfb48f6b,False
65eca62c-5e87-4413-90f5-60ea36cbb0f9,False
15d96b3c-acf9-4da6-936e-9e5c3f8c035d,False
65556017-5b6d-4ec1-9bec-385bd178c0f7,False
971414ea-f609-40b0-8d86-414ea957cab8,False
c9f08dbd-177c-4669-a8ad-9a1edd58daf7,False
ddf42d16-237d-4efb-95ad-bfba6f06bb1f,False
a3d50a50-e2c5-48e5-83fa-3ef01bb52b1d,False
f0bed60a-58e7-4509-b269-29bb01da0063,False
35f4d4d6-c0c0-4a31-85d7-0de81a2f768a,False
2450cd81-3312-42eb-9b17-bf5bc0ec7440,False
6796b97d-5af1-4cfb-b33c-3d0104071095,False
54380b08-b0c2-4daf-96e9-39ef8a913d13,False
a27831f4-51f8-4498-a6a6-1120a9d472af,False
bc98852d-2cbf-4ef3-817a-7a7613da9338,False
80c99253-dd34-4e2d-94df-df7ee0720ab9,False
f89162cd-a7e7-4840-a36c-de3506fec1a8,False
94011175-630e-4fa3-b50a-4ce991565524,False
850233c2-c181-48be-80b7-d28e7264bc04,False
d4a36b4a-d5b3-436c-a41f-ea2b5a97f3e5,False
efbc8163-5eee-4c87-95e7-07a64ca63b1b,False
6300f959-caf5-45fa-95c5-b3af3fe9dd3a,False
5c322347-6551-46e7-a438-589ec66029a4,False
e490e55a-08cc-468a-9be3-b9f5a13aa2f8,False
4eb3ac68-254f-4e8a-85c1-1780a2c8473b,False
afb8a7ef-8330-47a4-ada6-252940bc6737,False
12762662-26e5-4997-a1a7-493b48d5a0f3,False
82e4c766-d34a-4ed1-8946-c7a60e35d38a,False
832256ea-e9a1-4715-9f7f-925cf2822b19,False
2dca307c-99ce-4eaf-9b12-a718a1e335fb,False
666b371f-34df-466c-9a59-1b9246a3ba22,False
d5f652c7-7077-4f7d-a710-43bbe95a6d67,False
0999458e-023f-4ba3-a035-d47612752127,False
595e70b2-44cd-46c7-94f9-177fd86d286a,False
fbab4f3e-3095-43ed-a811-efafe7fd155f,False
98f831ad-cf29-473f-8aa2-27e1d65f434f,False
e9a0095e-7e31-432e-b9d1-472ecf2c4321,False
e6e7df43-8f22-45a4-9a5e-15b7e45ac656,False
c6458089-7823-4b2d-b7d5-f1532b1354db,False
2561f964-9d12-4325-930c-ab42070e3f84,False
ba2e334d-314f-46ee-a2fa-ec2f1637e93c,False
a4a78ca6-07d5-47ef-adf5-1058b03d9197,False
cfb75361-750d-4089-8d54-2fccde33de41,False
e883403d-6840-4a1e-8301-3b91b0cd1c05,False
be1557c7-d2e8-4d2b-8773-be009e923417,False
d9fd2216-daf4-4541-94e7-a6c74f8cc429,False
e2ecba97-09d9-412d-947e-d3738d45a577,False
39115c15-80b4-4042-87d8-f3d4b7ed4692,False
62db7c5f-d5c6-44fc-9214-57ca1503f6e4,False
953984bd-2ad4-4f67-866f-2ded7489ca0e,False
ba51c2e6-c0aa-45f8-b6f5-c58f85134835,False
f1546263-d2e1-4ad1-9098-2802b6ad0696,False
150a8f39-1def-4e04-a103-be2efe152041,False
31719e60-efa6-4714-b7fd-2e9e56b30099,False
3a682256-3660-4a67-87e7-f5fc12497976,False
dc1affd9-5012-4917-90df-27710ae244fc,False
2e17b4bc-31c4-41fe-b5f1-0a65428f502a,False
cc789147-03d9-4964-93b0-4a5d50c35ca2,False
769df801-29ad-4089-b1d1-a02f54896702,False
c449671c-1d2a-4553-adaa-e90cdfb4bca0,False
9b4b834a-f663-413a-82bd-db59030001d5,False
fd9f58c8-2134-4af6-8152-fa716d3d4d78,False
bf9001de-b1b2-42b3-8ae7-9f0641fdbf65,False
5329d481-5f41-42a6-a75e-2967c3f570ae,False
c6a83871-3fdc-411c-a50b-412d491f1207,False
f628971b-6633-4704-82e5-a835a7128b8b,False
fc36ad03-b772-41ec-a6b1-cc5f9092e296,False
98c137ed-bc45-4b8c-a712-2b56d533d73f,False
f3ca06de-a638-4ef2-b54c-e6df9258f2eb,False
2d1628c7-e6cf-4ca5-a234-69b54dcfa27d,False
f56e9279-a746-40d8-809b-235c8129f075,False
a7741a13-d1d2-4854-81a6-219c6e12dced,False
94d6fe6b-df18-446c-a019-aa0569acace9,False
c6b43f4d-3a9b-4c35-bee4-b177995b95e3,False
94408adc-a6cb-42f8-85bc-950f38d43151,False
08d9ede7-0da4-4992-b18f-54c2877c7736,False
3ee0745b-6355-4267-b446-d2614ef37094,False
6aa8b925-1bb8-44b2-8601-cbc263e3acab,False
8a31b908-4201-4f6d-a921-722145722975,False
9c974b7e-02ca-45cf-8ad9-06845c8ac2cb,False
0901a476-3eff-45a8-8565-5b3a4b7eb0e1,False
86e69a3e-d7f1-4fe2-9ef8-b375fc2e3fbe,False
0e079da4-3c28-47be-9be0-f83330f868eb,False
cf2eca00-e577-4309-9945-1302c5c0d948,False
74a55dc4-4e72-4b44-b814-02a4ec3032bd,False
7ca85b80-2981-45eb-a68e-5c1d6c388cf8,False
8e2fdd91-3a83-4bf2-a91a-4458bf095603,False
0f27617c-ff8b-48a7-879d-d32de70da83f,False
90a7bc51-8aac-4f57-bfa8-fe61215f9c9c,False
a39b784c-2356-420f-8cda-3039605a9b9d,False
e25038dd-266c-4be8-b123-13e8d08a376b,False
b78c0ae7-2537-4857-b064-c06f8a94f1ec,False
11b315dd-14ec-48de-96ae-e443be0cdf82,False
7ac3e88a-d986-430d-a80c-f075800e706b,False
d10d48e8-253c-45a3-9d9b-940104e66c5c,False
45a70cb2-d985-4769-ad65-6370c6ed265c,False
bf647db7-141e-43ae-8b30-2f184d983ce1,False
9d10f73f-1ad0-4c81-aba8-72eaa1402aa7,False
68d4f726-6de7-4579-b9d8-19cb01c86110,False
34839911-0093-4859-b9c6-bff41c6f93d5,False
af7cc1d3-206d-4a0b-854f-86fff7e9e92c,False
e9cc97c9-c4b7-42bc-baf0-4cbb107b649f,False
aa1d1bb3-57f4-4b17-ac33-2d3e7b0b5d74,False
f768f6b4-1d03-43e4-aaed-b53e1390f8ca,False
215cec71-1a13-48c3-9765-8b30e13f2e49,False
a49e2a33-6422-423e-a32f-212adc1c6cbd,False
95c79a4b-144e-4fdc-9565-da7b9531da13,False
8f1e237e-43ac-4049-b5a0-b71c2bdfe423,False
783ed757-4100-4582-9953-31e3004b3be7,False
3c360438-f429-48f6-9136-5132c0edf56f,False
0a8696a1-84e9-4c50-a0db-e5bede7f9e56,False
e545f05a-3e23-456e-af73-7b5efa93a54a,False
8bc1162c-923a-4acc-841b-e51043b70519,False
cb522b58-e150-4e4e-b56f-78582c5b29fc,False
a4e7ab60-4191-4cb2-9c87-f4acd4396290,False
562dd880-0b2a-440e-a093-815e4d9e8d49,False
426e6bec-289c-4fad-a900-ba93d7e959d6,False
4d43ce63-9928-4df3-8e8d-b4e4fd91d05d,False
f65035ab-6dd2-441e-9130-f0e6b403e3a9,False
704ec9d9-fe94-4e6e-9545-2d2c758b9ebe,False
b32310e0-baca-41c7-b044-028805bb4350,False
6cb650b9-eaed-4cc3-80ef-228a1f65f665,False
edd6ff5c-397a-4907-bd90-90f72216c75b,False
979669a4-bb3d-495b-903f-70c914fd6278,False
d8511fb8-ec11-4d9e-883a-79f890a8fb34,False
9b05436d-10fb-41b8-be50-407d6580ef62,False
254db2bd-23ef-4d2b-b752-4c8b72eab8e5,False
6625ee70-4e9e-4e61-a4d2-a54754e523f2,False
19835e36-39ab-424c-89e9-3f1d7d24abf0,False
688d71fe-2cf4-4a9d-b821-8707731dcc3a,False
eb0795d3-1479-4572-a9db-69040c4e97af,False
e6769c3b-98c1-48a1-83f6-c0ebc575ae09,False
8d28ec40-2eaf-4aec-850a-0d873c115503,False
88dfb8a2-9abd-40a0-9b77-b25032332404,False
bedb3f90-c639-4e9d-b6c3-3e68dbafb61b,False
f19e334d-3568-46fa-90dd-b41dba5eeb1e,False
f189cfcc-bbae-46dd-97fa-848abdbc4fd8,False
3e5cd8c9-b195-4ea9-8372-946fc9966637,False
f57a49ec-2bd8-4cc5-8a6f-03e06090778d,False
282d0be2-8287-4e59-a084-534381577979,False
4eee673e-d69d-4aa6-8900-5bc3e148184e,False
e8636f8a-405b-4247-b296-35b9054c6020,False
de04b37c-2e74-40cf-aa59-7a1981a897db,False
f0f362de-aab5-4031-9534-e20eef8b8e9e,False
2f0cf9b4-839a-4c27-9c14-edc39c991b41,False
11d37cd6-a75b-4173-b9c9-efc6267624b6,False
f8ab6bf3-5abb-415c-aa49-aab8d0d7283a,False
39c94588-d455-45ff-ab7c-41fdb5fd6ed7,False
99ae22dd-e08b-44df-b701-e83a26e4abea,False
20987997-fa73-4844-a8bb-e76ee7f6e9d6,False
19258827-174c-41ad-96cc-e53c2ee057b5,False
0caaa360-69bc-4ba0-b3b8-6a873805b6e0,False
247f7065-3d0b-4116-8b7a-0a4c3cba42af,False
c8a6fd84-202b-48f0-b642-b20c1c053bab,False
0e9a9eda-b30d-4dd9-b5e8-897cd9c76ae3,False
bcc1c923-7992-4e69-af36-b0bfc7c0a1ec,False
14f5d1c9-a8a8-461d-a9d8-347455b11f64,False
90a4e735-250e-41a8-8b44-52c96b3d81f5,False
2f712f00-5e41-470e-a3dd-13f50a655847,False
ebfd5bea-09ee-4b25-9bdf-705a1b950e6b,False
9dffa875-c71d-4314-b5db-df81d7503a93,False
92aa1c4e-3595-4f76-b1a3-00fea57a8c0c,False
99c01aed-fcf0-410e-8cba-a6e0603e7def,False
fbd335e8-bfb5-44a9-9445-5c95f7b2b1ab,False
58061b20-07b7-440a-9a19-73e25b461500,False
05d79f0c-fbdd-4875-af45-205dc468bc40,False
65e3d495-fa4d-4e20-83ad-6b06d3f29f2d,False
2c130811-e578-4386-9779-ee6b91b83f12,False
ef830861-ea60-495e-b488-9fbfb99480d3,False
0d5695c7-3e01-444e-90ca-401eb760b022,False
dc1466e6-47e7-4a75-9a2f-723d1b816933,False
c987c21a-6b7b-4776-9342-3dde185a25da,False
1ce8f393-8818-4da0-bcd7-e27ac6606b68,False
677bb120-60a6-42fe-a4fb-b71057d32174,False
d9d57621-96eb-423e-a6f8-755771274a84,False
cd085ddd-15c1-4463-83ff-580f4132bad8,False
76ad1d53-b885-4dc5-bc70-c1e010da6601,False
e46c1675-0da1-4010-bdae-72488d7b3463,False
e85b6a4a-50ef-42a3-a861-d0d2b5e4d10d,False
7d5d57a5-d5a8-432a-b86b-0841c4a8a25e,False
1e25605e-a6ac-476b-8c1b-6f70c103374f,False
2a4b4733-f9d1-451f-a1e4-031313e66f0c,False
a674e4ef-048c-47fc-b78f-609285f55146,False
3ee82843-c97b-4f99-a0dd-a43b316e42fb,False
fed13d6d-9e98-4f7f-a431-84ce0e34edbd,False
070c8f63-8636-4979-a535-1c4a6e10e69f,False
a25f0528-c05c-4874-8023-fa2ea09ff74d,False
4fccd50c-9e4f-4ae1-8f29-40649fca96b6,False
5794761e-1372-4f75-aa54-dde218278b92,False
a6e55e18-7723-4a19-845d-69f9e1a6a222,False
6385c75b-f0db-4c21-b589-a38f9c017f56,False
5018bfc3-f7e5-4e55-bd43-4df6954c2cce,False
27e23887-21c7-456e-aa25-bc4ecff4b882,False
fb24ca9d-c38d-492d-89b6-b91224128271,False
a24896a8-a889-45d6-b66c-eb5ce733381b,False
13b2d76f-af21-4f0a-9dc1-17dc41d120a9,False
d62500b3-a0bf-409b-9d81-2db08915ab10,False
45aa36c8-ba23-4cfe-87ac-89eb8dc45056,False
4e2ae15a-0777-48cf-875e-3c3e31efcc3a,False
96434e6e-9237-484f-b980-a823bba3a4df,False
4aea558a-324a-458e-9a1d-52698c7e2650,False
662319d4-9101-4540-8127-e39b0a45c5b1,False
0625bf9d-da49-4426-bba6-76d3dd4ae941,False
77d1886b-f0d7-4eb3-8eb6-d0b81c98fd63,False
1dabfded-99e7-455b-9c27-249663fdc49f,False
24bd20fa-4fa7-4ea7-89aa-655ae0e7b052,False
f10d4719-f3e8-4b29-b4bf-63fc1c2a350d,False
0ca7ef9a-8cc1-4305-9e0e-a3089e5e55df,False
b675389e-2526-462e-b243-7c709e151ddc,False
1cbab94d-4ffd-4cd3-83ab-eed5f3b432eb,False
ee747e1e-bc75-4344-9310-5ab18a2a7fd6,False
981a2b2e-211f-4f41-8dd6-c1e1805a461e,False
3762cd5b-1346-464b-a9f9-1517e47c2dbe,False
8200d11b-bcb7-401d-a840-811d58fc62dc,False
befdaff5-da24-4123-a2bf-0e6311bf3a3c,False
eb40d345-1cea-4ebb-966f-bbf9d36c358c,False
ed6e331c-bc44-4e07-b7ca-8da0d22132a2,False
96e73cb9-cec8-49c9-ab28-00c03cb97ee2,False
8805864d-f8c6-45c9-b9f4-e1d80afab0a0,False
9907639b-6c5a-4bcc-8596-69a730f76d8d,False
8c2ac8e0-c3f9-4039-9963-4ee3a99ee2f9,False
169163f9-8e92-429f-b5b6-6806ac86fc5e,False
f75f1be7-0b46-410c-b93d-699269a2705a,False
a2a08ca1-4951-43a0-821d-d44aafa24c06,False
f16b2553-d843-496b-9ed8-d61f167f58c2,False
48d0d314-5701-4849-a727-788eeb3adffe,False
9aac9e02-139c-47e0-8567-d18883cb5b06,False
64c378f0-04e5-451a-a58b-c0128b7b9536,False
120be9d3-4ae4-471d-a93e-10343b8e505a,False
d30e57cb-c42b-4f57-871f-eec1600d02d4,False
b7602e7c-d390-4398-b193-d634699ebc60,False
aac4e22f-1345-4d42-9a12-ca873f1e45ab,False
d9148971-3fff-47ba-bd89-41dcba412613,False
116efcb5-705e-42b8-9320-803791bbaf11,False
37cbe8ae-d745-443e-95f6-d37c03de08ad,False
a4f5b1e0-d309-4952-afb4-735232039302,False
ae354056-3035-4f17-bc8c-778de3b68aa5,False
d00e5c2a-8fa0-4e54-8fdd-3ba1e39f0209,False
d05efb70-6e68-40ac-9b6a-1cf1d5275bd1,False
d43c8f0a-e6f5-4d6f-97b4-2ad63ed5b741,False
6fcff6de-b1b5-4c4b-a39f-d1b8999943a7,False
9f5669ed-f67b-411d-be0f-f0e9a0fc4fc7,False
21134685-33f6-4b02-8e7d-f20e3d1811a3,False
3f197a59-e9cf-4af4-b42f-d7d41b6d74b8,False
2515a9db-0efe-4c7a-b197-3d80d81f73e3,False
a71fa5e2-43df-4ad7-becd-9ab8a419cc2d,False
46ac23dd-3692-4402-a9ef-11b6a3b45dbb,False
6082dda6-a538-41bc-a01b-061a3ff77d26,False
d60280d7-265b-4f83-98a3-9a58184fb509,False
8bab3cab-8858-412b-b82b-187896e0ac23,False
1f398df3-05c3-45ad-b0b8-921ea155e924,False
af98c3d4-4457-491e-8255-7da0c9583170,False
0de44b4a-06bc-408f-9885-41e5e874717d,False
67e38e10-ea36-4d2a-8ca7-457b6cb2fdaa,False
f1a7eea6-be1f-4e8f-8b51-1357fd893d64,False
f1220847-f0ca-44ca-b594-1b8dbff3027d,False
aec6571c-e4db-43e9-928b-2c6e3d1e1b64,False
243ec457-ffe8-458a-8159-262ed459cffb,False
5e43bc16-12b0-4cea-8d00-745353cbb406,False
22b04f01-589d-46e9-b886-10eb308f957b,False
9cfc5f87-9ff4-42d5-b06b-32f48b373a99,False
57ad72e8-89f2-4eb8-a56f-924d180f1bd1,False
f40934b7-d151-45bb-af19-4ea3c2e4d0be,False
41e7c146-b8fc-4cd4-b9ec-fce9e2798aec,False
bc21dea9-aa75-4f33-a895-0c220df8bfe3,False
aa87f812-4e5d-4c6c-b896-072198ee9e87,False
f08cb51f-f778-4307-8a6a-db2ddaf233a6,False
9211e9a8-e48a-4137-9c01-6ef0f5f2021e,False
748bd255-309f-46ae-a2f8-bdc0720ff53e,False
3af6ab17-7f5e-4ba9-9c3f-bb2d93267296,False
c242efb2-ba37-4d45-8561-c27484366da5,False
850a1ecf-4832-4bbb-8b6f-f132bebcb14b,False
3077234d-8eed-4f42-9141-e8c2750f6965,False
4f2c78a2-edd5-44a6-8a46-60af815e36ed,False
5ec165d8-a837-4404-86a7-fbee28c229f1,False
29ea7deb-0e64-4309-ac5d-f5454da13fc6,False
35949930-336f-4946-a159-a7dfac0d27ba,False
1f1c21a0-c52e-499b-bd06-4870d45db9cf,False
a5dae059-3204-44b7-a8f6-2e84595207df,False
50db03db-995f-49c4-9723-6f0eec3fe842,False
22d64f37-ecb1-4683-b7ed-7ff31c7ff94c,False
bbe74088-4563-4fd5-8c49-f5f0acc3d157,False
beae339a-75a1-4b46-8356-5f8d49d238cf,False
7c7e390e-d7c8-4c5d-8f94-4f56a144ac8d,False
04cc5df2-faf2-4a7b-85a9-e1fd6b333826,False
e843b515-0a9a-4f15-bab1-8d294b7b76f1,False
048d95ce-093a-4973-bc2a-6f30629d4cab,False
f5029349-f81b-434d-b1f7-42681cec7144,False
6ab3cfd2-5ed4-40c1-9062-fa5f0bbb5047,False
fd895c10-3f76-446e-a4ad-21c23b1e043a,False
111c24af-a36c-4ed2-bdc5-9f7977a8fa37,False
f37dba3b-904c-41fb-9265-1551f9e2931f,False
84bce27e-b913-4c64-b246-438fefe1a5ac,False
0f6843bc-fe7e-47b9-afa0-e42d64684b11,False
1f48b243-c320-48c0-bbf4-374467255e12,False
791d03fe-9ece-4e4f-8e3a-1dd622396d08,False
8b579d6a-ad7f-4124-b792-f6fb3a51014c,False
3091062b-bc2e-4275-93fa-ccc664b32ef1,False
8173d9bf-a4d0-4521-8819-701172dce79f,False
294f7770-8c70-421d-801b-c922f793cd00,False
57e8e578-f90a-49a5-b855-b72962c9092d,False
2a4aa44d-49a8-4330-9b74-f9a577984537,False
d191920b-62bd-4f5f-8980-855c278081a5,False
2d87b4ea-abd8-4284-9d7a-4299914009b9,False
5d4cfc76-7956-4af6-9954-2b064943a81c,False
8fe0a6bf-d03a-45ef-88db-f7a1f771e549,False
527234e1-62b5-4568-9a8b-8b3e0bc2763a,False
2e06e995-878d-4636-9e5e-a941fe01d684,False
9cbe50ce-be12-4b8f-959d-0aaffb9d0298,False
9d98b5cd-964a-4a54-b069-153483fa73d7,False
2fd7949a-0240-44e4-a203-4876210422f0,False
8589b893-49ed-420d-a10e-a872252195b2,False
034fb830-4b1a-44ad-86d8-2ad9d14a04be,False
2bf2ebfe-bea6-4cfa-99eb-d95c900d9f4d,False
f1cc0b30-14c2-41c7-acea-acfead9bd692,False
61861e2d-cd0e-49b3-bb7d-82e2dc1176e1,False
fc2d4acd-ded0-4c07-a5c2-d04fcb311826,False
59831d57-0a70-4fe9-8920-f2104561e3c3,False
1852d9da-2401-445d-b981-f3c1ff069265,False
05533cb6-8d26-4210-add1-ee6ba2dd7580,False
75b481d5-c062-4588-91b0-45dfe2cd2d84,False
e61bd1a2-78d9-41b1-9cf3-2114c7a52306,False
91ddf12a-ed4d-4333-9251-a2b9453d92de,False
84f85d29-a1c6-40b8-8c5e-9e7a88297c8c,False
1e42d4ce-9bc9-4af2-ba10-46cd25cfbde9,False
eb872a23-dcf9-44fc-9488-be296051d3f0,False
97c3a32b-00e5-40a4-9120-2a09a0b3e68e,False
1421f4bd-3adf-4398-bc2a-76149a75b07c,False
319952d7-19b2-4b39-901d-22dde22a68c5,False
62c9226e-1c80-4ec3-a474-4b666b89022d,False
0c94fccf-2d4e-4478-8532-639306330633,False
4c8530b2-9e0a-4782-8b78-db805239f5a4,False
b45a1b68-07bc-4070-9dd0-1defad6672fb,False
72039be3-c455-48b9-9f24-aa6e30e60beb,False
28b7a053-94d9-4904-acfd-3d74e00265f3,False
7b9a4e72-6734-48d2-a036-b2e2eee9022e,False
adb70978-5b15-436b-8db0-ba94808272d4,False
f7df084c-d2c3-42f8-accc-a9410a76e3a1,False
cbe502cd-05dd-4954-ba31-0596ff39921b,False
3956c762-4c40-4cc3-a46a-e737b10d1e5a,False
6d7f7064-6597-4025-bf4e-7697751014f0,False
31e9a851-927c-4384-8ab0-f395b562391c,False
efd5819c-03b2-49e4-9e46-130ae5d8e257,False
844c419e-df84-498c-be97-3d358ae86426,False
6e3fcf4b-eee2-4522-968f-f4a197893679,False
91258a7b-ae6d-42d2-b5c9-f6774cb3b372,False
fb9b3657-abe2-4994-bc6b-9927817d9089,False
2ed090cb-b06a-4e39-a5ee-8b551a960013,False
fc5eecf0-5c6c-4ac0-8f54-bf6c453b7d74,False
91eef0d4-2162-41fd-8c9a-f93db74ad9a1,False
bfb36d9a-cb77-47f1-a508-594a3f5a6c67,False
5e3de7f8-9ddc-4cc8-92de-085cad88d60b,False
b931a70b-ff3f-4baf-83cf-aa26b8a6a015,False
142ce95f-4707-4749-bf98-3617e98402b5,False
21d7c179-0d43-4e08-9e98-c64d9dcf5e4b,False
b8ee32fe-665b-45e4-ae87-0d6adb787cb2,False
112135a3-2987-4d39-a9fe-a43e314c5ad4,False
400a1b25-0946-4854-aab6-081f9e523c88,False
305b8271-3bf5-4269-b1de-f52716d20f2e,False
83846be5-44a1-47dc-b96a-685993c7cb0f,False
ebcddc20-bd84-4f73-b4ab-0b20773cc3cb,False
0db6758e-0140-495d-a73a-2c1cca26a0f9,False
42748a63-ed82-49a1-8c96-d06f31547590,False
d9c83193-71f7-4116-878f-ad2b625e8820,False
8eabd800-84a5-45f0-bd7d-a715b07e44d6,False
305942a4-b64f-4e42-bb00-5ce3b7b9f2fc,False
f65362d3-34fc-4658-9a01-1e8b3f469226,False
64400714-6833-40a3-852a-58ef1e125db2,False
4bedccdf-5e0f-41cb-9281-d06fd928cc5c,False
f097f963-cdc3-4f8c-9312-c4bd5025c480,False
afb02a46-f011-4ebb-9873-58ab114e1032,False
8fb61e0e-989d-4dad-87ff-0a18f0b2102c,False
8ed7fd93-d248-427e-b2eb-9136c06864f3,False
4c9b6077-21fc-4995-bf82-11d7d34d75d4,False
4481c06c-868c-4745-9245-3fdbd6f21523,False
dc7f26ba-8349-4411-9c61-0cb6b442fb32,False
dfb22aef-aa77-4701-a606-a10568d4ea91,False
f4921e0d-ebbd-4c95-828c-618f0ab5166b,False
08e0e0bd-cca6-46ae-a05b-40fc46b931cb,False
9ec34d3f-632f-4bff-b621-fd1cb1627790,False
027b9dfd-90aa-47c7-8932-e12e9e645f6b,False
b3b63ca7-b72c-48fd-ac8b-657f440ff6c1,False
be29b749-ce5a-4db0-ae9e-e2e07737ce65,False
7deff68b-231e-4fe5-9cdc-c9af4471df07,False
d0e1672b-b5b9-4b7c-8331-4dbc20dc2343,False
e8e10e5a-1d13-47f3-8b75-bcc18a466b05,False
2c232d9e-440f-4c4b-87f7-869450ecfcb4,False
d28efdea-dd49-40a5-8033-eb8989721207,False
bce304b2-2611-4135-aaa6-b8847be9d64b,False
fb733bc8-7f7d-4331-b623-6968d16a52fc,False
22e75c59-3a8e-40ef-a190-3d50593b4b74,False
3c51dac1-67e4-400f-852f-8efd675272fc,False
3f0b7eb9-f839-4cf3-91d1-cb81cdf3a1dc,False
aa805c1a-4880-47be-b07c-dd316a9828c7,False
7083a010-83b7-42a3-845b-3642fe8cdc14,False
ced01046-29ff-4c58-ae59-6cd924267f6d,False
02d0022e-7a68-4749-a372-b08a181ae6ce,False
ef95ad3d-0b1b-439e-bd0b-28cc53b7a2f3,False
f1d33078-815e-4d74-a0f3-dcb45ffc7566,False
d680d2b8-8e86-4d7d-8298-df6e6f840ef6,False
19a3f0a4-8b6e-45f4-9769-4d96d2a89dbb,False
5a5bd6e4-45af-4362-b2cd-7543ca072e61,False
4ef43e56-6f48-49f6-a5a8-7ab9ad147cc3,False
642884b1-90b9-4f50-8246-d7798b517906,False
2a177ad7-ae51-41d0-84e7-e13d6aa4c48c,False
ca5803c9-1f5c-48b0-aeac-c851cd5ae50d,False
8eef96bd-13fe-4fae-b43d-ae9f6798fad6,False
06d3e379-522e-4f5c-a30c-73bd3fe1a902,False
31d29a47-e005-4a4e-a1a1-d6b39962b1a3,False
1a6dca40-263a-440c-b434-f191392ec79f,False
bd4531cf-b523-4c71-86ea-d28687bb02af,False
b434babc-1c4d-4b2b-a22e-59c36ea129b6,False
2bfa78c3-11c5-4c41-9e02-8d87d0b81c57,False
c2bc4db2-45c9-4d23-8e99-579c7b3fa712,False
5d2f9ce9-df2c-4fb1-87aa-79e62b105782,False
a9047152-0f75-47ce-afb4-93766ff5064f,False
1abf6c70-d447-44a1-8067-c6dde5190582,False
44a497e8-a629-4728-b477-805b8bc5b3e7,False
1b118d83-3d2b-45d1-9c40-1a2c48b1d8bb,False
fea74aa5-204e-40b4-94af-100e7e8091ea,False
cc67721a-0287-4b4d-a098-3fb77335293d,False
75f65be1-0687-4c67-b980-346c4d1f08b9,False
9a6e7337-adc8-4fe9-80a8-bf23fbe3c004,False
ed590ba5-2c05-4133-a8ee-103bb9e0f0bc,False
244bd28c-e6ce-42cd-aa5d-b19538f7f9ba,False
6c859128-fe99-4c8b-b002-80cfb145b048,False
cf621060-c46b-4b11-8ab7-06edf511f199,False
d339c8b2-a3e8-4e97-8c50-975e02258933,False
5c9c3dd2-c90b-42d7-a30e-8acc320e1e29,False
0cd58c02-6b9a-4a21-afc5-d1908dc48d81,False
8879c9a9-c104-44d0-8e82-3e2ca75ad588,False
e8b76e9e-ec93-4ce0-a200-aeddb5ce274d,False
e821ad44-748f-41e8-a221-1c29cd3e1c31,False
baf9ec06-d165-42e8-8b82-deb6c3640947,False
43665d20-f981-4195-b2ad-3e33bf2a4aba,False
5dc730e4-1777-46f1-9be1-324e0b06fcfa,False
63e30f5f-2fc9-41bc-9204-58c8a4521c46,False
b38367b7-bef5-47c5-b01e-ad8682c3e6da,False
ec01166d-baa6-4066-8279-ad7cbe37ddc8,False
0a40b23e-5e62-4030-b3c8-14922b6cf6dd,False
e439bf1b-4f28-4efe-be05-c016781eea63,False
b6faa23f-178f-4e1c-8955-c9d08c38335f,False
ecb5cd1f-a35c-4985-8f18-04a3d3386fd8,False
0d867993-19de-46a9-a01e-c882ae28756c,False
4cb714a7-e319-48e2-8372-d8068776d865,False
99f2c0fd-899a-4838-8dc7-0658cb1ffa02,False
f3c9ddf2-7f4d-4f11-a89b-0db0498122d3,False
493de27f-523f-41f9-8a04-8a43cffe2eb5,False
5fafab2c-f85b-443a-80e3-54abf533aebd,False
9066bb46-dbad-45a7-bd4d-cf3296ab7060,False
cace7965-297f-4b59-9673-1a2539a17b92,False
41939177-e7db-470b-ae0a-c6d4a5be70e8,False
0e5cbabf-667f-48d3-b058-a5cedf6e0328,False
bb596c0b-2050-41e9-bb14-417a4d75e1ea,False
59d74a97-4af6-415a-8cd2-d55bda2f7b25,False
b8159f65-75db-4a03-80f9-27fd525ae3b6,False
70da412f-aa18-43b5-8ebf-f8889359c871,False
f2336d82-1e65-4177-b851-a840e90d1819,False
e7ef7f32-9afa-491e-8859-e9969663f951,False
1601f5b6-508c-46a0-817c-fa987147cd37,False
6e74372a-c529-4dde-8cee-7923a3f11d0d,False
222b02a1-4e12-4188-b31a-bd6c8e46013a,False
13ac9eab-3115-497c-a0d0-d6f7d302ffe4,False
132ca8ac-dc0f-4915-97a6-31569d2acea7,False
ff7a172c-5961-4a0b-b85d-874cd20c4f14,False
e5adb7d7-dc24-4076-9e0f-f292a90f7619,False
3ffd3050-ea0f-41a5-88db-bc274c8d1ed4,False
79f65dce-e967-46c2-938c-fed6423b96ae,False
4ada8e56-f560-4213-9498-50582f192e0e,False
7b15f2ff-0410-463d-a161-67ca121db0b5,False
072d318a-0f26-4bed-98c1-83d7d187bac0,False
07880276-cb41-4086-b3f7-d5db45dcd0d3,False
3a59d016-c207-4ac3-9138-2fd152a72c7e,False
a910e550-538b-408e-992a-0f3a46fcb9ac,False
78c681ad-2422-4c2f-a805-61682176380a,False
1df89453-e524-40b0-aa7a-89547f4d36cb,False
edf30981-93fa-4f6d-b654-ad556c8a8fad,False
01bcdd15-f79a-4baf-b4fe-ade799a49bfa,False
e7e82750-3c12-486c-b0c4-b279b0abd16d,False
56e24831-76a9-40a5-8609-5bc0bbad1785,False
b63c2366-3494-4127-9c96-5438d734b338,False
53bfbeb1-f1bf-48cc-943f-1977c2daf7bf,False
c59325a2-1bdd-4443-9ec0-64cf23c1b436,False
36f0de43-a6a0-4784-bff0-f49e825e9b62,False
41ada277-591f-4f99-a4be-cea8484948ed,False
35bbdf8f-d43b-4cf3-b778-c9f2552e76dc,False
38ae76ae-7727-44f6-8864-524be6945458,False
deb78e3f-c523-4aaf-ac00-28036d5670b4,False
9d0850b8-dd05-406b-b5ec-b8d631cb693a,False
9e05d669-aa47-4fef-9075-e1c20084cb84,False
ef75a34f-06bb-4014-aa9a-58d00d6ab20a,False
491a72da-0d27-4322-a487-28cc5a98f449,False
61e820c1-64be-4d6d-9702-36d15f8f1512,False
0ca895a9-ba1a-4f31-9db6-4aeffff53cd4,False
506f3965-9149-4e3f-96a2-79705902663c,False
9447aae7-47ae-4020-89ea-96a04e36b38f,False
fcce9643-c103-450b-bd89-c13b6a884b6a,False
50244ce8-f981-4bce-806e-5528029ee4c8,False
37d4c891-515e-449f-85c1-c7635b87853e,False
cc9654ca-23e2-404b-8a0c-b6e7af82b905,False
fa888702-5d8e-4904-8d77-904895719cb0,False
03c897c7-b353-45f1-85e0-d1cf6ddcb275,False
9f93ffa2-99d5-4709-8c2e-60b66d0e5a2a,False
861ce5eb-8ef0-4785-a844-07cd126c7225,False
255e79e3-c3e6-494c-a50b-1955bed7a96a,False
c29810c9-4bf5-4e2d-944d-bcc0feaffa46,False
7368b379-79c5-423b-b08d-b73ef323272b,False
8c4ca726-a646-451e-a455-137dc6727a40,False
827ba453-4daf-42aa-a952-af0c407ecc69,False
3ba129c8-ca79-4c2b-b747-d202bd3ab31f,False
5b92e3bd-0a93-4dc9-8c26-fb39e9675dab,False
e28c4b64-5eca-4b27-b10b-5a6b7c6164a4,False
7b6f8e23-ee19-4cbd-98bd-b34994a158bf,False
8b0c9831-f1bd-4b52-b34d-28bbe966338e,False
da67226b-6951-48af-81fa-80582557e452,False
8e5fe275-abe9-4409-8b63-5102f0326b6c,False
ea50425f-7666-49c6-894f-8b45c4885264,False
f8398434-aa3a-4f6f-9327-47f14d1dda21,False
e11117ce-0ae0-4645-b70c-8de2bb1fde4a,False
27dbe696-fb6d-46dd-8fdb-98a3bf49bd50,False
10f5ee4d-055c-4bdc-bc9b-525fb7767508,False
5a6f2f9b-b177-4169-aec2-537c6f3804c3,False
7b65e10e-0dc4-40d9-aff9-cf03b3b3c4ce,False
63bedf15-6009-4d6e-b5e8-d1799411f132,False
58133d39-47a2-4d2c-b9c2-c733c001b649,False
8fe47533-b6bb-4276-bb36-d3bc8d20d668,False
19772499-382e-4edd-b24d-38a89ce0b894,False
3e8522e8-8caa-402d-bbeb-346216a601af,False
83e6dfb7-6eb0-4ff2-96bf-702d77d19a0e,False
3dae8c05-3eb0-4cb1-bb02-8bbd787edbb3,False
bd279e03-97e1-46b2-8ed2-483cf8439f6f,False
b7a6a895-a591-499f-b87a-df912ad35d11,False
cc03fbfe-813a-4e8c-a136-3a35ad13a998,False
90a86e1b-7a2d-4dbf-9bc2-cc4bf1deb492,False
42ad1e3a-d387-4a17-a62d-7415211bada0,False
6b01a258-dfab-4dbb-831a-82ec48e30191,False
80de7978-fef4-4f8b-9577-1bbc5c5be211,False
8f3f6fb8-a78c-4ca9-8d21-882b7fe860df,False
c6fa59b9-da32-4189-b66c-e29d18073934,False
9429e670-5590-41a9-8606-47b1c18efc8d,False
505c2c9d-73e3-49de-b5fa-b9ddeb3a3630,False
abf1eb1e-35b0-4efc-9f04-69a9829215cd,False
48448912-6d0d-46ff-8a38-3a569e726737,False
f4eba924-377d-45e5-99a3-baf926a710a9,False
86570902-75e2-4c82-b852-d40951955724,False
6c5703d6-e442-4846-9a9f-566f8f715235,False
018e1873-4236-42f6-af95-8fd6f050323c,False
1a131daa-482e-44a8-b29d-845fc63a98de,False
2a1248c2-95d3-46b1-9096-e90e18d1e461,False
11ed9d85-a47d-44ae-999b-9172a3271500,False
6e47867a-40ee-4bac-b74d-48934292c911,False
114ed4ce-1e0b-4f80-9678-3b7088f3823e,False
11461dbb-fc6c-4376-b0f2-06c2b5119739,False
12f4bcbc-30b3-415d-bfb7-5495484f0c46,False
0a53dd50-99ee-4274-9f14-556059622bf2,False
c7a9b461-405d-4d47-b97b-ec6af8ae7f5a,False
632cea1a-2879-4fd7-9961-ca1036175b22,False
98114f69-6a0b-4b0b-950c-0e4788b85d47,False
f1f55942-5f99-4316-9953-8ed7642da1ae,False
